{"cameraMode":{"drawMode":0,"name":"Shaded","section":"Shading Mode"},"sceneLighting":false,"audioPlay":false,"sceneViewState":{"showFog":true,"showMaterialUpdate":true,"showSkybox":true,"showFlares":true,"showImageEffects":true,"showParticleSystems":true},"in2DMode":false,"pivot":{"x":1145.072998046875,"y":40.4422492980957,"z":-2.6935253143310549},"rotation":{"x":-0.1767694354057312,"y":0.8077204823493958,"z":-0.30017006397247317,"w":-0.4756448268890381},"size":963.1575317382813,"orthographic":false}